cep,aps
22050002,17001160
22070011,17001160
22060900,17001160
22070012,17001160
22070002,17001160
22070900,17001160
22041901,17001160
22050901,17001160
22060002,17001160
22061030,17001160
22050001,17001160
22031112,17001160
22050900,17001160
22020002,17001160
22010000,17001160
22020001,17001160
22021001,17001160
22021000,17001160
22020970,17001160
22011010,17001160
22050903,17001160
22011971,17001160
22050902,17001160
22031111,17001160
22081031,17001150
22041001,17001160
22070000,17001160
22070001,17001160
22031000,17001160
22060970,17001160
22060001,17001160
22060030,17001160
22041050,17001160
22011020,17001160
22011040,17001160
22040030,17001160
22060040,17001160
22020030,17001160
22041080,17001160
22011080,17001160
22011901,17001160
22020070,17001160
22011970,17001160
22031060,17001160
22081032,17001150
22070020,17001160
22011011,17001150
22061040,17001210
22031130,17001160
22040050,17001160
22061020,17001210
22040901,17001160
22051012,17001150
22051020,17001160
22040001,17001160
22061021,17001210
22021050,17001160
22011001,17001210
22040002,17001160
22050032,17001150
22051011,17001150
22051973,17001160
22051970,17001160
22030010,17001160
22051002,17001150
22051001,17001150
22050031,17001150
22041040,17001160
22051021,17001150
22020010,17001160
22041090,17001160
22030900,17001160
22020050,17001160
22011900,17001160
22051974,17001160
22051030,17001160
22081020,17001160
22081000,17001160
22011002,17001210
22081001,17001160
22071120,17001160
22290110,17001160
22020020,17001160
22080040,17001160
22031100,17001160
22050011,17001150
22011050,17001160
22071020,17001210
22011030,17001160
22061060,17001210
22031011,17001150
22011060,17001160
22050012,17001150
22021030,17001160
22080041,17001160
22031012,17001150
22290120,17001160
22080010,17001160
22031020,17001160
22051971,17001160
22040010,17001160
22071000,17001210
22030030,17001160
22040020,17001160
22060020,17001210
22071030,17001210
22031090,17001160
22011090,17001160
22040041,17001150
22041020,17001160
22080030,17001160
22041060,17001160
22071090,17001210
22031050,17001160
22041070,17001160
22071040,17001210
22041030,17001160
22061000,17001210
22020060,17001160
22040900,17001160
22040021,17001210
22081025,17001160
22060021,17001210
22061900,17001210
22071001,17001210
22030040,17001160
22030020,17001160
22030001,17001150
22031040,17001160
22040042,17001150
22021010,17001160
22031071,17001150
22081010,17001160
22040970,17001160
22031900,17001160
22041012,17001150
22041011,17001150
22041902,17001160
22031072,17001150
22021020,17001160
22020040,17001160
22080001,17001150
22031901,17001160
22031030,17001160
22021040,17001160
22071060,17001210
22071100,17001160
22071101,17001160
22080002,17001150
22041900,17001160
22071010,17001210
22030002,17001150
22260152,17001150
22260188,17001150
22260157,17001150
22260189,17001150
22011100,17001160
22290970,17001150
22260137,17001150
22290903,17001150
22290140,17001150
22260192,17001150
22071070,17001210
22031120,17001160
22061050,17001210
22061011,17001210
22071080,17001210
22250150,17001150
22290070,17001150
22030050,17001160
22260191,17001150
22061070,17001210
22290090,17001150
22260148,17001150
22061010,17001210
22260168,17001150
22260135,17001150
22290240,17001150
22061080,17001210
22290210,17001150
22050020,17001160
22260124,17001150
22260130,17001150
22281132,17001150
22260184,17001150
22250000,17001150
22260181,17001150
22260180,17001150
22231030,17001150
22250200,17001150
22260139,17001150
22231050,17001150
22290050,17001150
22290150,17001150
22250170,17001150
22260149,17001150
22260134,17001150
22281131,17001150
22260183,17001150
22290130,17001150
22290060,17001150
22250904,17001150
22250901,17001150
22250010,17001150
22250909,17001150
22250970,17001150
22250908,17001150
22260100,17001150
22250906,17001150
22260206,17001150
22250040,17001150
22260070,17001150
22260195,17001150
22260122,17001150
22250910,17001160
22250905,17001150
22260187,17001150
22250145,17001160
22260138,17001150
22251050,17001150
22290230,17001150
22260105,17001150
22250907,17001150
22270080,17001150
22281010,17001150
22250900,17001150
22280110,17001150
22280070,17001150
22260155,17001150
22231000,17001150
22260020,17001150
22270020,17001150
22260169,17001150
22260050,17001150
22260167,17001150
22271020,17001150
22260120,17001150
22290190,17001150
22250160,17001150
22280080,17001150
22281110,17001150
22260154,17001150
22251030,17001150
22260166,17001150
22230090,17001150
22260193,17001150
22260205,17001150
22250911,17001160
22271000,17001150
22260199,17001150
22280030,17001150
22281150,17001150
22270070,17001150
22290904,17001150
22260196,17001150
22260146,17001150
22290000,17001150
22260172,17001150
22290031,17001150
22260136,17001150
22260164,17001150
22260010,17001150
22260186,17001150
22260179,17001150
22260153,17001150
22260201,17001150
22280020,17001150
22260145,17001150
22290030,17001150
22260090,17001150
22260125,17001150
22260162,17001150
22260156,17001150
22260182,17001150
22260142,17001150
22281100,17001150
22290973,17001170
22231020,17001150
22231060,17001150
22260131,17001150
22260176,17001150
22281020,17001150
22290080,17001150
22281060,17001150
22280005,17001150
22290040,17001150
22290901,17001150
22280002,17001150
22231040,17001150
22290905,17001150
22280060,17001150
22270060,17001150
22281040,17001150
22281090,17001150
22280970,17001150
22260197,17001150
22280004,17001150
22260190,17001150
22280003,17001150
22281050,17001150
22281140,17001150
22260005,17001210
22290972,17001150
22260143,17001150
22251010,17001150
22260128,17001150
22260194,17001150
22271010,17001150
22260129,17001150
22271100,17001150
22251000,17001150
22290906,17001150
22260040,17001150
22280090,17001150
22251020,17001150
22290170,17001150
22231010,17001150
22260203,17001150
22251060,17001150
22260150,17001150
22260126,17001150
22281000,17001150
22250210,17001150
22260127,17001150
22260140,17001150
22290175,17001150
22251040,17001150
22260132,17001150
22251090,17001150
22290160,17001150
22260177,17001150
22280010,17001150
22281900,17001150
22281035,17001150
22251080,17001150
22260185,17001150
22281070,17001150
22270050,17001150
22260147,17001150
22281036,17001150
22280040,17001150
22281034,17001150
22280100,17001150
22281080,17001150
22281033,17001150
22260123,17001150
22270971,17001150
22260000,17001150
22260001,17001150
22281032,17001150
22270902,17001150
22260110,17001150
22260900,17001150
22260030,17001150
22260007,17001150
22280050,17001150
22260133,17001150
22260009,17001150
22260002,17001150
22260970,17001150
22260170,17001150
22271091,17001150
22281120,17001150
22260003,17001150
22270010,17001150
22270012,17001150
22251070,17001150
22260006,17001150
22270003,17001150
22270001,17001150
22271110,17001150
22290010,17001150
22271092,17001150
22270000,17001150
22250180,17001150
22260178,17001150
22270014,17001150
22260004,17001150
22271022,17001150
22271021,17001150
22270030,17001150
22260080,17001150
22270005,17001150
22250190,17001150
22270016,17001150
22260158,17001150
22270040,17001150
22270903,17001150
22270901,17001150
22250140,17001150
22270900,17001150
22280120,17001150
22270970,17001150
22290020,17001150
22280130,17001150
22260174,17001150
