aps;endereco_aps;cep_aps;lat_aps;long_aps
17001160;AV.NOSSA SRA. COPACABANA,1049;22020001;-22.978205;-43.190641
17001150;RUA RAIMUNDO CORREIA, 20;22040042;-22.971622;-43.188442
17001210;AV. NOSSA SRA. DE COPACABANA, 1032;22020001;-22.977273;-43.190863
17001170;RUA DAS LARANJEIRAS 430;22240002;-22.937902;-43.190976

